<?xml version="1.0" encoding="UTF-8"?>
<c3p0-config>
    <!-- 默认配置 -->
    <default-config>
        <!--加载驱动-->
        <property name="driverClass">com.mysql.cj.jdbc.Driver</property>
        <!--数据库url-->
        <property name="jdbcUrl">jdbc:mysql://localhost:3306/schooldb</property>
        <!--数据库用户名-->
        <property name="user">root</property>
        <!--数据库密码-->
        <property name="password">000000</property>
        <!-- 初始化连接数-->
        <property name="initialPoolSize">1</property>
        <!-- 最大连接数-->
        <property name="maxPoolSize">10</property>
        <!-- 最小连接数-->
        <property name="minPoolSize">1</property>

        <property name="maxIdleTime">60</property>
        <!--最大连接数对象-->
        <property name="maxStatements">50</property>
        <!--每次增长连接数-->
        <property name="acquireIncrement">1</property>

        <property name="acquireRetryAttempts">5</property>

        <property name="acquireRetryDelay">1000</property>
    </default-config>
</c3p0-config>

